{"cameraMode":{"drawMode":0,"name":"Shaded","section":"Shading Mode"},"sceneLighting":true,"audioPlay":false,"sceneViewState":{"showFog":true,"showMaterialUpdate":false,"showSkybox":true,"showFlares":true,"showImageEffects":true,"showParticleSystems":true},"in2DMode":false,"pivot":{"x":-0.4897339642047882,"y":4.946737289428711,"z":-14.082222938537598},"rotation":{"x":-0.28957614302635195,"y":0.40361517667770388,"z":-0.1363612711429596,"w":-0.8571155071258545},"size":22.0,"orthographic":false}