{"cameraMode":{"drawMode":0,"name":"Shaded","section":"Shading Mode"},"sceneLighting":true,"audioPlay":false,"sceneViewState":{"showFog":true,"showMaterialUpdate":false,"showSkybox":true,"showFlares":true,"showImageEffects":true,"showParticleSystems":true},"in2DMode":false,"pivot":{"x":3.8942079544067385,"y":95.24583435058594,"z":131.7201690673828},"rotation":{"x":-0.0025788394268602134,"y":0.9753243327140808,"z":-0.22046774625778199,"w":-0.011411231942474842},"size":12.43658447265625,"orthographic":false}